<?xml version="1.0" encoding="utf-8"?>

<CLIPDeclaration Name="Pack 128 To 64">
   <FormatVersion>1.1</FormatVersion>
   <CLIPVersion>1.0.0</CLIPVersion>
   <HDLName>Pack128To64</HDLName>
   <ImplementationList> 
      <Path>Pack128To64.ngc</Path>
   </ImplementationList>
	<InterfaceList>
		<Interface Name="LabVIEW">
			<InterfaceType>LabVIEW</InterfaceType>
			<SignalList>
				<Signal Name="Clock">
					<HDLName>Clk</HDLName>
					<Datatype><Boolean/></Datatype>
					<Direction>ToCLIP</Direction>
					<SignalType>clock</SignalType>
					<FreqInHertz>
						<Max>200M</Max>
						<Min>1M</Min>
					</FreqInHertz>
				</Signal>			
				<Signal name="Write Enable">
					<HDLName>cWrite</HDLName>
					<DataType><Boolean/></DataType>
					<Direction>ToCLIP</Direction>
					<SignalType>data</SignalType>
					<RequiredClockDomain>Clock</RequiredClockDomain>
				</Signal>
				<Signal name="Ready for Write">
					<HDLName>cReady</HDLName>
					<DataType><Boolean/></DataType>
					<Direction>FromCLIP</Direction>
					<SignalType>data</SignalType>
					<RequiredClockDomain>Clock</RequiredClockDomain>
				</Signal>
				<Signal name="Data In Lower 64">
					<HDLName>cDataInLo64</HDLName>
					<DataType><U64/></DataType>
					<Direction>ToCLIP</Direction>
					<SignalType>data</SignalType>
					<RequiredClockDomain>Clock</RequiredClockDomain>
				</Signal>
				<Signal name="Data In Upper 64">
					<HDLName>cDataInHi64</HDLName>
					<DataType><U64/></DataType>
					<Direction>ToCLIP</Direction>
					<SignalType>data</SignalType>
					<RequiredClockDomain>Clock</RequiredClockDomain>
				</Signal>
				<Signal name="Output Valid">
					<HDLName>cValid</HDLName>
					<DataType><Boolean/></DataType>
					<Direction>FromCLIP</Direction>
					<SignalType>data</SignalType>
					<RequiredClockDomain>Clock</RequiredClockDomain>
				</Signal>
				<Signal name="Read Enable">
					<HDLName>cRead</HDLName>
					<DataType><Boolean/></DataType>
					<Direction>ToCLIP</Direction>
					<SignalType>data</SignalType>
					<RequiredClockDomain>Clock</RequiredClockDomain>
				</Signal>
				<Signal name="Data Out 64">
					<HDLName>cDataOut64</HDLName>
					<DataType><U64/></DataType>
					<Direction>FromCLIP</Direction>
					<SignalType>data</SignalType>
					<RequiredClockDomain>Clock</RequiredClockDomain>
				</Signal>
			</SignalList>
		</Interface>
		<Interface Name="Reset">
			<InterfaceType>Fabric</InterfaceType>
			<SignalList>
				<Signal Name="aResetSl">
					<HDLName>aResetSl</HDLName>
					<Datatype><Boolean/></Datatype>
					<Direction>ToCLIP</Direction>
					<SignalType>reset</SignalType>
				</Signal>
			</SignalList>
		</Interface>
	</InterfaceList>
</CLIPDeclaration>